id,name,displayName,shortName,aliases,gameVersionId,ability1,ability2,ability3,ability4,ability5,ability6,talents1,talents2,talents3,talents4,talents5,talents6,talents7,talents8,img,startingArmor,startingMagicArmor,startingDamageMin,startingDamageMax,attackRate,attackAnimationPoint,attackAcquisitionRange,attackRange,primaryAttribute,heroPrimaryAttribute,strengthBase,strengthGain,intelligenceBase,intelligenceGain,agilityBase,agilityGain,hpRegen,mpRegen,moveSpeed,moveTurnRate
1,npc_dota_hero_antimage,Anti-Mage,antimage,['am'],7.27d,antimage_mana_break,antimage_blink,antimage_counterspell,generic_hidden,generic_hidden,antimage_mana_void,+9 Strength,+15 Attack Speed,+325 Blink Cast Range,+12 Agility,Blink Uncontrollable Illusion,-2.0s Blink Cooldown,+20% Counterspell Magic Resistance,-50s Mana Void Cooldown,https://cdn.cloudflare.steamstatic.com/apps/dota2/images/heroes/antimage_hphover.png,2.36,25,29,33,1.4,0.3,600,150,agi,1,23,1.3,12,1.8,24,2.8,0.25,0.0,310,0.5
2,npc_dota_hero_axe,Axe,axe,[],7.27d,axe_berserkers_call,axe_battle_hunger,axe_counter_helix,generic_hidden,generic_hidden,axe_culling_blade,+25 Attack Speed,+20 Movement Speed,+2 Mana Regen,Attacking Procs Counter Helix,+150 Culling Blade Threshold,+20 Health Regen,+100 Berserker's Call AoE,+100 Battle Hunger DPS,https://cdn.cloudflare.steamstatic.com/apps/dota2/images/heroes/axe_hphover.png,1.8,25,27,31,1.7,0.5,600,150,str,0,25,3.4,18,1.6,20,2.2,2.75,0.0,310,0.6
3,npc_dota_hero_bane,Bane,bane,[],7.27d,bane_nightmare,bane_brain_sap,bane_enfeeble,generic_hidden,generic_hidden,bane_fiends_grip,+6 Armor,+15% Magic Resistance,+9% Spell Amplification,+125 Cast Range,-3s Nightmare Cooldown,+30 Movement Speed,+200 Brain Sap Damage/Heal,+5.5s Fiend's Grip Duration,https://cdn.cloudflare.steamstatic.com/apps/dota2/images/heroes/bane_hphover.png,4.08,25,35,41,1.7,0.3,800,400,int,2,22,2.6,22,2.6,22,2.6,0.0,0.0,305,0.6
4,npc_dota_hero_bloodseeker,Bloodseeker,bloodseeker,['bs'],7.27d,bloodseeker_bloodrage,bloodseeker_blood_bath,bloodseeker_thirst,generic_hidden,generic_hidden,bloodseeker_rupture,+30 Bloodrage Attack Speed,+6 Armor,15% Lifesteal,+75 Blood Rite Damage,+475 Rupture Cast Range,+400 Health,-5s Blood Rite Cooldown,+14 Max Thirst MS,https://cdn.cloudflare.steamstatic.com/apps/dota2/images/heroes/bloodseeker_hphover.png,5.08,25,35,41,1.7,0.43,600,150,agi,1,24,2.7,21,2.0,22,3.4,0.0,0.0,300,0.5
5,npc_dota_hero_crystal_maiden,Crystal Maiden,crystal_maiden,"['cm', 'rylai']",7.27d,crystal_maiden_crystal_nova,crystal_maiden_frostbite,crystal_maiden_brilliance_aura,generic_hidden,generic_hidden,crystal_maiden_freezing_field,+200 Health,+75 Cast Range,+6% Magic Resistance Arcane Aura,-3s Crystal Nova Cooldown,+200 Attack Speed,+50 Freezing Field Damage,+1.25s Frostbite Duration,+240 Crystal Nova Damage,https://cdn.cloudflare.steamstatic.com/apps/dota2/images/heroes/crystal_maiden_hphover.png,1.24,25,28,34,1.7,0.45,800,600,int,2,18,2.2,16,3.3,16,1.6,0.0,1.0,280,0.5
6,npc_dota_hero_drow_ranger,Drow Ranger,drow_ranger,[],7.27d,drow_ranger_frost_arrows,drow_ranger_wave_of_silence,drow_ranger_multishot,generic_hidden,generic_hidden,drow_ranger_marksmanship,+50% Gust Blind,+5 All Stats,+10 Agility,-6s Multishot Cooldown,+28% Multishot Damage,+2.5s Gust Silence Duration,+12 Marksmanship Chance,30% Cooldown Reduction,https://cdn.cloudflare.steamstatic.com/apps/dota2/images/heroes/drow_ranger_hphover.png,2.8,25,31,38,1.7,0.55,800,625,agi,1,18,1.9,15,1.4,20,2.9,0.25,0.0,290,0.7
7,npc_dota_hero_earthshaker,Earthshaker,earthshaker,[],7.27d,earthshaker_fissure,earthshaker_enchant_totem,earthshaker_aftershock,generic_hidden,generic_hidden,earthshaker_echo_slam,+20 Base Damage,+200 Mana,+25 Movement Speed,+6 Armor,+40 Echo Damage,+320 Fissure Range,+40% Magic Resistance,-1.5s Enchant Totem Cooldown,https://cdn.cloudflare.steamstatic.com/apps/dota2/images/heroes/earthshaker_hphover.png,3.68,25,27,37,1.7,0.467,600,150,str,0,22,3.7,16,1.8,12,1.4,1.0,0.0,310,0.9
8,npc_dota_hero_juggernaut,Juggernaut,juggernaut,[],7.27d,juggernaut_blade_fury,juggernaut_healing_ward,juggernaut_blade_dance,juggernaut_swift_slash,generic_hidden,juggernaut_omni_slash,+5 All Stats,+20 Movement Speed,+100 Blade Fury Movement Speed,+20 Attack Speed,+8 Armor,+140 Blade Fury DPS,+475 Health,+1.0s Omnislash Duration,https://cdn.cloudflare.steamstatic.com/apps/dota2/images/heroes/juggernaut_hphover.png,4.76,25,16,20,1.4,0.33,600,150,agi,1,20,2.2,14,1.4,34,2.8,0.5,0.0,305,0.6
9,npc_dota_hero_mirana,Mirana,mirana,[],7.27d,mirana_starfall,mirana_arrow,mirana_leap,generic_hidden,generic_hidden,mirana_invis,+12 Damage,+150 Health,-3.5s Sacred Arrow cooldown,+75 Leap Attack Speed,+10% Spell Amplification,+20 Mana Break,+2 Multishot Sacred Arrows,-60 Moonlight Shadow Cooldown,https://cdn.cloudflare.steamstatic.com/apps/dota2/images/heroes/mirana_hphover.png,1.52,25,27,32,1.7,0.35,800,630,agi,1,18,2.2,22,1.9,18,3.7,0.0,0.4,290,0.5
10,npc_dota_hero_morphling,Morphling,morphling,[],7.27d,morphling_waveform,morphling_adaptive_strike_agi,morphling_adaptive_strike_str,morphling_morph_agi,morphling_morph_str,morphling_replicate,+10 Agility,+275 Waveform Range,+16s Morph Duration,+30 Attack Speed,12% Cooldown Reduction,Waveform Attacks Targets,2 Waveform Charges,+3 Multishot Adaptive Strike,https://cdn.cloudflare.steamstatic.com/apps/dota2/images/heroes/morphling_hphover.png,1.36,25,9,18,1.5,0.5,800,350,agi,1,22,3.0,15,1.5,24,4.3,0.0,0.0,280,0.6
11,npc_dota_hero_nevermore,Shadow Fiend,nevermore,['sf'],7.27d,nevermore_shadowraze1,nevermore_shadowraze2,nevermore_shadowraze3,nevermore_necromastery,nevermore_dark_lord,nevermore_requiem,+6% Spell Amplification,+15 Attack Speed,Presence Aura Affects Building,+25 Movement Speed,+3 Damage Per Soul,+120 Shadowraze Damage,-4 Presence Aura Armor,30% Cooldown Reduction,https://cdn.cloudflare.steamstatic.com/apps/dota2/images/heroes/nevermore_hphover.png,2.8,25,19,25,1.7,0.5,800,500,agi,1,19,2.7,18,2.2,20,3.5,0.25,0.3,305,1.0
12,npc_dota_hero_phantom_lancer,Phantom Lancer,phantom_lancer,['pl'],7.27d,phantom_lancer_spirit_lance,phantom_lancer_doppelwalk,phantom_lancer_phantom_edge,generic_hidden,generic_hidden,phantom_lancer_juxtapose,16% Evasion,+15 Attack Speed,+200 Health,-1s Spirit Lance CD,+400 Phantom Rush Range,+4% Juxtapose Damage,-4s Doppelganger CD,+24% Critical Strike (200%),https://cdn.cloudflare.steamstatic.com/apps/dota2/images/heroes/phantom_lancer_hphover.png,3.64,25,26,40,1.7,0.5,600,150,agi,1,19,2.2,19,2.0,26,3.2,1.5,0.0,290,0.6
13,npc_dota_hero_puck,Puck,puck,[],7.27d,puck_illusory_orb,puck_waning_rift,puck_phase_shift,puck_ethereal_jaunt,generic_hidden,puck_dream_coil,+25 Damage,+150 Cast Range,+12% Spell Amplification,Phase Shift Attack,-7s Waning Rift Cooldown,+50% Illusory Orb Distance/Speed,+300 Waning Rift AoE and Range,Dream Coil Rapid Fire,https://cdn.cloudflare.steamstatic.com/apps/dota2/images/heroes/puck_hphover.png,0.08,25,23,34,1.7,0.5,800,550,int,2,17,2.4,23,3.5,22,2.2,0.5,0.0,290,0.5
14,npc_dota_hero_pudge,Pudge,pudge,[],7.27d,pudge_meat_hook,pudge_rot,pudge_flesh_heap,pudge_eject,generic_hidden,pudge_dismember,+4 Armor,+30 Rot Damage,10% Spell Lifesteal,-16% Rot Slow,+0.8s Dismember Duration,-4 Meat Hook Cooldown,1.8x Dismember Damage/Heal,+1.5 Flesh Heap Stack Str,https://cdn.cloudflare.steamstatic.com/apps/dota2/images/heroes/pudge_hphover.png,-0.04,25,40,46,1.7,0.5,600,150,str,0,25,3.2,16,1.5,14,1.5,2.0,0.0,280,0.7
15,npc_dota_hero_razor,Razor,razor,[],7.27d,razor_plasma_field,razor_static_link,razor_unstable_current,generic_hidden,generic_hidden,razor_eye_of_the_storm,+175 Health,+8 Agility,+5 Static Link Damage Steal,+12 Strength,+8 Armor,-0.1 Eye of the Storm Strike Interval,+80 Attack Speed,+1 Eye of the Storm Target,https://cdn.cloudflare.steamstatic.com/apps/dota2/images/heroes/razor_hphover.png,2.08,25,23,25,1.7,0.3,800,475,agi,1,22,2.8,21,2.2,22,2.6,0.0,0.0,285,0.5
16,npc_dota_hero_sand_king,Sand King,sand_king,['sk'],7.27d,sandking_burrowstrike,sandking_sand_storm,sandking_caustic_finale,generic_hidden,generic_hidden,sandking_epicenter,+20 Epicenter Damage Per Pulse,+175 Health,+30 Sand Storm DPS,+8% Caustic Finale Slow,-2s Burrowstrike Cooldown,+20 Health Regen,+4 Epicenter Pulses,40% Sand Storm Slow and Blind,https://cdn.cloudflare.steamstatic.com/apps/dota2/images/heroes/sand_king_hphover.png,1.66,25,23,33,1.7,0.53,600,150,str,0,22,3.0,19,1.8,19,1.8,0.0,0.0,290,0.5
17,npc_dota_hero_storm_spirit,Storm Spirit,storm_spirit,"['ss', 'raijin']",7.27d,storm_spirit_static_remnant,storm_spirit_electric_vortex,storm_spirit_overload,generic_hidden,generic_hidden,storm_spirit_ball_lightning,+24 Overload Damage,+2.5 Mana Regen,+65 Static Remnant Damage,+325 Health,+0.4s Electric Vortex,+25 Attack Speed,Overload Pierces Immunity,{s:value} Distance Auto Remnant in Ball Lightning,https://cdn.cloudflare.steamstatic.com/apps/dota2/images/heroes/storm_spirit_hphover.png,5.08,25,26,36,1.7,0.5,800,480,int,2,21,2.0,23,3.9,22,1.7,0.0,0.0,285,0.8
18,npc_dota_hero_sven,Sven,sven,[],7.27d,sven_storm_bolt,sven_great_cleave,sven_warcry,generic_hidden,generic_hidden,sven_gods_strength,+7 Strength,+2.5 Mana Regen,15% Lifesteal,Storm Hammer Dispels Enemies,+25 Movement Speed,-5s Storm Hammer Cooldown,+50% God's Strength Damage,+1s Storm Hammer Stun Duration,https://cdn.cloudflare.steamstatic.com/apps/dota2/images/heroes/sven_hphover.png,3.94,25,41,43,1.8,0.4,600,150,str,0,22,3.2,16,1.3,21,2.0,0.0,0.0,325,0.6
19,npc_dota_hero_tiny,Tiny,tiny,[],7.27d,tiny_avalanche,tiny_toss,tiny_tree_grab,tiny_tree_channel,generic_hidden,tiny_grow,+15 Movement Speed,+25 Damage,+3 Tree Grab Attack Charges,+80 Avalanche Damage,+18 Strength,Toss Requires No Target,-7s Avalanche Cooldown,3 Toss Charges,https://cdn.cloudflare.steamstatic.com/apps/dota2/images/heroes/tiny_hphover.png,0.0,25,31,37,1.7,0.4,600,150,str,0,28,3.8,17,2.2,0,0.0,1.0,0.0,300,0.5
20,npc_dota_hero_vengefulspirit,Vengeful Spirit,vengefulspirit,['vs'],7.27d,vengefulspirit_magic_missile,vengefulspirit_wave_of_terror,vengefulspirit_command_aura,generic_hidden,generic_hidden,vengefulspirit_nether_swap,+12% Magic Resistance,-1 Wave of Terror Armor,+12 Agility,-2.75s Magic Missile Cooldown,+200 Magic Missile Damage,+100 Vengeance Aura Attack Range,Vengeance Aura Illusion Casts Spells,Magic Missile Pierces Spell Immunity,https://cdn.cloudflare.steamstatic.com/apps/dota2/images/heroes/vengefulspirit_hphover.png,2.8,25,21,29,1.7,0.33,800,400,agi,1,19,2.4,17,1.5,20,3.8,0.25,0.0,290,0.6
21,npc_dota_hero_windrunner,Windranger,windrunner,['wr'],7.27d,windrunner_shackleshot,windrunner_powershot,windrunner_windrun,generic_hidden,generic_hidden,windrunner_focusfire,+1.5 Mana Regen,-2s Shackleshot Cooldown,+100 Powershot Damage,+100 Attack Range,+0.8s Shackleshot Duration,-16% Focus Fire Damage Reduction,Windrun Grants Invisibility,25% Cooldown Reduction,https://cdn.cloudflare.steamstatic.com/apps/dota2/images/heroes/windrunner_hphover.png,1.38,25,24,36,1.5,0.4,800,600,int,2,18,3.0,18,3.6,17,1.4,0.0,0.0,290,0.8
22,npc_dota_hero_zuus,Zeus,zuus,[],7.27d,zuus_arc_lightning,zuus_lightning_bolt,zuus_static_field,zuus_cloud,generic_hidden,zuus_thundergods_wrath,+1.5 Mana Regen,+200 Health,+25 Movement Speed,+1.2% Static Field Damage,12% Cooldown Reduction,+0.4s Lightning Bolt Ministun,+275 Cast Range,+115 Arc Lightning Damage,https://cdn.cloudflare.steamstatic.com/apps/dota2/images/heroes/zuus_hphover.png,2.54,25,33,41,1.7,0.35,800,380,int,2,19,2.1,22,3.3,11,1.2,0.0,0.0,310,0.6
23,npc_dota_hero_kunkka,Kunkka,kunkka,[],7.27d,kunkka_torrent,kunkka_tidebringer,kunkka_x_marks_the_spot,kunkka_torrent_storm,generic_hidden,kunkka_ghostship,+30 Damage,+6 Armor,+8 Health Regen,+100 Torrent Damage,+80 Torrent AoE,+18 Strength,Ghostship Fleet,+110% Tidebringer Cleave,https://cdn.cloudflare.steamstatic.com/apps/dota2/images/heroes/kunkka_hphover.png,2.96,25,26,36,1.7,0.4,600,150,str,0,24,3.8,18,1.5,14,1.3,0.0,0.0,300,0.6
25,npc_dota_hero_lina,Lina,lina,[],7.27d,lina_dragon_slave,lina_light_strike_array,lina_fiery_soul,generic_hidden,generic_hidden,lina_laguna_blade,+30 Damage,+75 Cast Range,+300 Health,+110 Light Strike Array Damage,+11% Spell Amplification,+30/1.5% Fiery Soul Per Stack,-5s Dragon Slave Cooldown,+150 Attack Range,https://cdn.cloudflare.steamstatic.com/apps/dota2/images/heroes/lina_hphover.png,4.22,25,19,31,1.6,0.65,800,670,int,2,20,2.4,30,3.7,23,1.8,0.0,0.0,290,0.6
26,npc_dota_hero_lion,Lion,lion,[],7.27d,lion_impale,lion_voodoo,lion_mana_drain,generic_hidden,generic_hidden,lion_finger_of_death,+15% Mana Drain Slow,+70 Damage,-2s Earth Spike Cooldown,+150 Cast Range,+20 Finger of Death Damage Per Kill,+2 Mana Drain Multi Target,+800 Earth Spike Range,+250 AoE Hex,https://cdn.cloudflare.steamstatic.com/apps/dota2/images/heroes/lion_hphover.png,2.1,25,29,35,1.7,0.43,800,600,int,2,18,2.2,18,3.5,15,1.5,0.0,0.0,290,0.5
27,npc_dota_hero_shadow_shaman,Shadow Shaman,shadow_shaman,['ss'],7.27d,shadow_shaman_ether_shock,shadow_shaman_voodoo,shadow_shaman_shackles,generic_hidden,generic_hidden,shadow_shaman_mass_serpent_ward,+175 Health,+140 Shackles Total Damage,+100 Cast Range,-4.5s Hex Cooldown,+2.0s Shackles Duration,+1 Serpent Wards Max HP,+340 Ether Shock Damage,+30 Wards Attack Damage,https://cdn.cloudflare.steamstatic.com/apps/dota2/images/heroes/shadow_shaman_hphover.png,4.24,25,46,53,1.7,0.3,800,400,int,2,23,2.3,25,3.5,16,1.6,0.0,0.0,285,0.5
28,npc_dota_hero_slardar,Slardar,slardar,[],7.27d,slardar_sprint,slardar_slithereen_crush,slardar_bash,generic_hidden,generic_hidden,slardar_amplify_damage,+6 Health Regen,+20 Damage,+275 Health,+60 Bash Damage,25% Lifesteal,-4 Corrosive Haze Armor,-4s Slithereen Crush Cooldown,Corrosive Haze Undispellable,https://cdn.cloudflare.steamstatic.com/apps/dota2/images/heroes/slardar_hphover.png,5.38,25,30,38,1.7,0.36,600,150,str,0,21,3.6,15,1.5,17,2.4,0.5,0.0,300,0.5
29,npc_dota_hero_tidehunter,Tidehunter,tidehunter,[],7.27d,tidehunter_gush,tidehunter_kraken_shell,tidehunter_anchor_smash,generic_hidden,generic_hidden,tidehunter_ravage,+15 Movement Speed,+80 Gush Damage,+3 Mana Regen,-20% Anchor Smash Damage Reduction,+30 Kraken Shell Damage Block,-4 Gush Armor,20% Cooldown Reduction,+200 Damage,https://cdn.cloudflare.steamstatic.com/apps/dota2/images/heroes/tidehunter_hphover.png,2.1,25,25,31,1.7,0.6,600,150,str,0,27,3.5,18,1.7,15,1.5,0.0,0.0,300,0.5
30,npc_dota_hero_witch_doctor,Witch Doctor,witch_doctor,['wd'],7.27d,witch_doctor_paralyzing_cask,witch_doctor_voodoo_restoration,witch_doctor_maledict,generic_hidden,generic_hidden,witch_doctor_death_ward,+60 Damage,+5 Armor,+2 Cask Bounces,+80 Maledict AoE,+100 Death Ward Attack Range,+15% Maledict Burst Damage,+1.2% Max Health Voodoo Restoration,+60 Death Ward Damage,https://cdn.cloudflare.steamstatic.com/apps/dota2/images/heroes/witch_doctor_hphover.png,1.82,25,29,39,1.7,0.4,800,600,int,2,18,2.3,22,3.3,13,1.4,0.0,0.0,300,0.5
31,npc_dota_hero_lich,Lich,lich,[],7.27d,lich_frost_nova,lich_frost_shield,lich_sinister_gaze,generic_hidden,generic_hidden,lich_chain_frost,+100 Cast Range,+60 Frost Blast AoE Damage,+100 Damage,-3s Frost Blast Cooldown,+100 Chain Frost Damage,+4s Frost Shield Duration,Frost Shield Provides +50 HP Regen,Chain Frost Unlimited Bounces,https://cdn.cloudflare.steamstatic.com/apps/dota2/images/heroes/lich_hphover.png,1.1,25,24,33,1.7,0.46,800,550,int,2,20,2.1,24,4.1,15,2.0,0.0,0.75,295,0.5
32,npc_dota_hero_riki,Riki,riki,[],7.27d,riki_smoke_screen,riki_blink_strike,riki_tricks_of_the_trade,generic_hidden,generic_hidden,riki_backstab,+6 Health Regen,+20 Attack Speed,+20 Damage,-4s Smoke Screen Cooldown,+0.5 Backstab Multiplier,+475 Blink Strike Cast Range,-6 Tricks of the Trade Cooldown,+125 Smoke Screen AoE,https://cdn.cloudflare.steamstatic.com/apps/dota2/images/heroes/riki_hphover.png,5.52,25,41,45,1.7,0.3,600,150,agi,1,18,2.4,14,1.3,18,1.4,3.0,0.0,320,0.6
33,npc_dota_hero_enigma,Enigma,enigma,[],7.27d,enigma_malefice,enigma_demonic_conversion,enigma_midnight_pulse,generic_hidden,generic_hidden,enigma_black_hole,+135 Eidolon Health,+4s Midnight Pulse Duration,12% Cooldown Reduction,+0.35s Malefice Stun Duration,+400 Health,+50 Eidolon Damage,+4 Malefice Instances,+5 Demonic Conversion Eidolons,https://cdn.cloudflare.steamstatic.com/apps/dota2/images/heroes/enigma_hphover.png,3.96,25,24,30,1.7,0.4,800,500,int,2,21,2.5,19,3.6,14,1.0,0.0,0.0,290,0.5
34,npc_dota_hero_tinker,Tinker,tinker,[],7.27d,tinker_laser,tinker_heat_seeking_missile,tinker_march_of_the_machines,generic_hidden,generic_hidden,tinker_rearm,+8% Spell Amplification,+125 Cast Range,+2.5s March of the Machines Duration,+9% Manacost/Manaloss Reduction,+8 Armor,+8 March of the Machines Damage,+80 Laser Damage,+0.25s Heat-Seeking Missile Ministun,https://cdn.cloudflare.steamstatic.com/apps/dota2/images/heroes/tinker_hphover.png,3.82,25,24,30,1.7,0.35,800,500,int,2,18,2.5,30,3.3,13,1.2,0.0,0.75,290,0.6
35,npc_dota_hero_sniper,Sniper,sniper,[],7.27d,sniper_shrapnel,sniper_headshot,sniper_take_aim,generic_hidden,generic_hidden,sniper_assassinate,15% Cooldown Reduction,+15 Damage,+30 Attack Speed,-14% Shrapnel Slow,+28 Knockback Distance Headshot,+24 Shrapnel DPS,+100 Attack Range,+5 Shrapnel Charges,https://cdn.cloudflare.steamstatic.com/apps/dota2/images/heroes/sniper_hphover.png,1.94,25,19,25,1.7,0.17,950,550,agi,1,19,1.7,15,2.6,21,3.4,0.0,0.0,285,0.7
36,npc_dota_hero_necrolyte,Necrophos,necrolyte,[],7.27d,necrolyte_death_pulse,necrolyte_sadist,necrolyte_heartstopper_aura,generic_hidden,generic_hidden,necrolyte_reapers_scythe,+25 Damage,+8 Strength,+24% Ghost Shroud Slow,+32 Death Pulse Heal,+15% Magic Resistance,+32% Heartstopper Regen Reduction,+0.5  Heartstopper Aura,-2.5s Death Pulse Cooldown,https://cdn.cloudflare.steamstatic.com/apps/dota2/images/heroes/necrolyte_hphover.png,2.68,25,26,30,1.7,0.4,800,500,int,2,18,2.6,21,2.7,12,1.3,0.0,0.0,280,0.5
37,npc_dota_hero_warlock,Warlock,warlock,[],7.27d,warlock_fatal_bonds,warlock_shadow_word,warlock_upheaval,generic_hidden,generic_hidden,warlock_rain_of_chaos,+3% Fatal Bonds Damage,+150 Cast Range,+8 Armor,-5.5s Shadow Word Cooldown,Summons a Golem on death,300 Shadow Word AoE,+20 Chaotic Offering Golems Armor,80% Magic Resistance for Chaotic Offering Golems,https://cdn.cloudflare.steamstatic.com/apps/dota2/images/heroes/warlock_hphover.png,2.4,25,24,34,1.7,0.3,800,600,int,2,26,3.0,25,3.1,10,1.0,0.0,0.0,290,0.5
38,npc_dota_hero_beastmaster,Beastmaster,beastmaster,['bm'],7.27d,beastmaster_wild_axes,beastmaster_call_of_the_wild_boar,beastmaster_call_of_the_wild_hawk,beastmaster_inner_beast,generic_hidden,beastmaster_primal_roar,+25 Damage,+20 Movement Speed,+6 Armor,+200 Hawk Vision,+30 Boar Damage,+450 Health,+20 Inner Beast Attack Speed,+100 Wild Axes Damage,https://cdn.cloudflare.steamstatic.com/apps/dota2/images/heroes/beastmaster_hphover.png,1.52,25,37,41,1.7,0.3,600,150,str,0,23,2.9,16,1.9,18,1.6,0.0,0.0,305,0.5
39,npc_dota_hero_queenofpain,Queen of Pain,queenofpain,['qop'],7.27d,queenofpain_shadow_strike,queenofpain_blink,queenofpain_scream_of_pain,generic_hidden,generic_hidden,queenofpain_sonic_wave,+20 Damage,+8 Strength,10% Cooldown Reduction,+30 Attack Speed,25% Spell Lifesteal,525 AoE Shadow Strike,Scream of Pain 1.2s Fear,18s Spell Block,https://cdn.cloudflare.steamstatic.com/apps/dota2/images/heroes/queenofpain_hphover.png,3.08,25,20,28,1.5,0.56,800,550,int,2,18,2.2,25,3.4,22,2.5,0.0,0.0,290,0.5
40,npc_dota_hero_venomancer,Venomancer,venomancer,[],7.27d,venomancer_venomous_gale,venomancer_poison_sting,venomancer_plague_ward,generic_hidden,generic_hidden,venomancer_poison_nova,-6 Venomous Gale CD,+15s Plague Ward Duration,Gale Hero Impact Summons 2 Wards,-10% Poison Sting Slow,+5.0s Poison Nova Duration,12% Spell Lifesteal,+640 Poison Nova AoE,2.6x Plague Ward HP/Damage,https://cdn.cloudflare.steamstatic.com/apps/dota2/images/heroes/venomancer_hphover.png,3.64,25,16,18,1.7,0.3,800,450,agi,1,19,2.1,19,1.8,26,3.2,0.0,0.0,280,0.5
41,npc_dota_hero_faceless_void,Faceless Void,faceless_void,['fv'],7.27d,faceless_void_time_walk,faceless_void_time_dilation,faceless_void_time_lock,generic_hidden,generic_hidden,faceless_void_chronosphere,+12 Damage,+8 Strength,+55 Time Lock Damage,+275 Timewalk Cast Range,+40 Attack Speed,-1.75s Time Walk,+20% Backtrack,+140 Chronosphere AoE,https://cdn.cloudflare.steamstatic.com/apps/dota2/images/heroes/faceless_void_hphover.png,3.22,25,33,39,1.7,0.5,600,150,agi,1,22,2.4,15,1.5,23,3.0,0.5,0.0,300,1.0
42,npc_dota_hero_skeleton_king,Wraith King,skeleton_king,"['sk', 'snk', 'wk', 'skeleton']",7.27d,skeleton_king_hellfire_blast,skeleton_king_vampiric_aura,skeleton_king_mortal_strike,generic_hidden,generic_hidden,skeleton_king_reincarnation,-1s Wraithfire Blast Cooldown,+15 Attack Speed,+12 Strength,+24 Skeletons Attack Damage,No Reincarnation Manacost,+6 Skeletons Spawned,+20% Vampiric Aura Lifesteal,Reincarnation Casts Wraithfire Blast,https://cdn.cloudflare.steamstatic.com/apps/dota2/images/heroes/skeleton_king_hphover.png,1.52,25,40,42,1.7,0.56,600,150,str,0,22,3.0,18,1.6,18,1.7,0.0,0.0,315,0.5
43,npc_dota_hero_death_prophet,Death Prophet,death_prophet,['dp'],7.27d,death_prophet_carrion_swarm,death_prophet_silence,death_prophet_spirit_siphon,generic_hidden,generic_hidden,death_prophet_exorcism,+30 Damage,+12% Magic Resistance,+0.8% Max Health Spirit Siphon,+150 Cast Range,+400 Health,-3s Crypt Swarm Cooldown,Exorcism Grants Haste,+8 Exorcism Spirits,https://cdn.cloudflare.steamstatic.com/apps/dota2/images/heroes/death_prophet_hphover.png,2.96,25,27,39,1.7,0.56,800,600,int,2,19,3.1,24,3.5,14,1.4,0.0,0.0,310,0.5
44,npc_dota_hero_phantom_assassin,Phantom Assassin,phantom_assassin,"['pa', 'mortred']",7.27d,phantom_assassin_stifling_dagger,phantom_assassin_phantom_strike,phantom_assassin_blur,generic_hidden,generic_hidden,phantom_assassin_coup_de_grace,+175 Health,-1s Stifling Dagger Cooldown,12% Lifesteal,+350 Phantom Strike Cast Range,-3 Armor Corruption,+35% Blur Evasion,+100% Coup de Grace Critical Damage,Triple Strike Stifling Dagger,https://cdn.cloudflare.steamstatic.com/apps/dota2/images/heroes/phantom_assassin_hphover.png,4.22,25,30,32,1.7,0.3,600,150,agi,1,21,2.2,15,1.4,23,3.4,0.25,0.0,305,0.6
45,npc_dota_hero_pugna,Pugna,pugna,[],7.27d,pugna_nether_blast,pugna_decrepify,pugna_nether_ward,generic_hidden,generic_hidden,pugna_life_drain,+15 Movement Speed,+175 Health,-0.8s Netherblast Cooldown,+3 Nether Ward Health,+20% Life Drain Heal,+1.5s Decrepify Duration,+160 Nether Blast Damage,+1.5 Netherward Damage Per Mana,https://cdn.cloudflare.steamstatic.com/apps/dota2/images/heroes/pugna_hphover.png,3.36,25,19,27,1.7,0.5,800,630,int,2,19,2.0,24,5.2,24,1.3,0.0,0.5,330,0.5
46,npc_dota_hero_templar_assassin,Templar Assassin,templar_assassin,['ta'],7.27d,templar_assassin_refraction,templar_assassin_meld,templar_assassin_psi_blades,templar_assassin_trap,templar_assassin_trap_teleport,templar_assassin_psionic_trap,+15 Attack Speed,+15 Movement Speed,15% Evasion,+160 Psionic Trap Damage,Meld Dispels,-3 Meld Armor Reduction,1s Meld Hit Bash,+6 Refraction Instances,https://cdn.cloudflare.steamstatic.com/apps/dota2/images/heroes/templar_assassin_hphover.png,4.22,25,30,36,1.7,0.3,800,140,agi,1,19,2.4,20,2.0,23,3.2,0.25,0.0,305,0.7
47,npc_dota_hero_viper,Viper,viper,[],7.27d,viper_poison_attack,viper_nethertoxin,viper_corrosive_skin,generic_hidden,generic_hidden,viper_viper_strike,+20 Attack Speed,8% Spell Lifesteal,+100 Attack Range,+5 Corrosive Skin Stats,+80 Viper Strike DPS,+70 Damage,Nethertoxin Silences,Poison Attack Affects Buildings,https://cdn.cloudflare.steamstatic.com/apps/dota2/images/heroes/viper_hphover.png,0.94,25,27,29,1.7,0.33,800,575,agi,1,21,2.4,17,2.0,21,2.5,0.0,0.0,275,0.5
48,npc_dota_hero_luna,Luna,luna,[],7.27d,luna_lucent_beam,luna_moon_glaive,luna_lunar_blessing,generic_hidden,generic_hidden,luna_eclipse,+15 Attack Speed,+350 Cast Range,-3.5s Lucent Beam Cooldown,+25 Movement Speed,+8 All Stats,+100 Lucent Beam Damage,30% Lifesteal,+0.2s Eclipse Lucent Ministun,https://cdn.cloudflare.steamstatic.com/apps/dota2/images/heroes/luna_hphover.png,4.52,25,32,38,1.7,0.35,800,330,agi,1,21,2.2,23,1.9,18,3.4,0.5,0.0,325,0.6
49,npc_dota_hero_dragon_knight,Dragon Knight,dragon_knight,['dk'],7.27d,dragon_knight_breathe_fire,dragon_knight_dragon_tail,dragon_knight_dragon_blood,generic_hidden,generic_hidden,dragon_knight_elder_dragon_form,+2 Mana Regen,-24% Breathe Fire Damage Reduction,+25 Damage,+350 Health,15% Cooldown Reduction,+20 Strength,1.8x Dragon Blood HP Regen/Armor,+1.6s Dragon Tail,https://cdn.cloudflare.steamstatic.com/apps/dota2/images/heroes/dragon_knight_hphover.png,2.66,25,31,37,1.7,0.5,600,150,str,0,21,3.4,18,1.7,19,2.0,0.0,0.0,310,0.6
50,npc_dota_hero_dazzle,Dazzle,dazzle,[],7.27d,dazzle_poison_touch,dazzle_shallow_grave,dazzle_shadow_wave,generic_hidden,generic_hidden,dazzle_bad_juju,+50 Damage,+1.75 Mana Regen,+150 Cast Range,+30 Shadow Wave Heal / Damage,+30 Movement Speed,+36 Poison Touch DPS,-32% Poison Touch Slow,+0.5 Bad Juju Armor Reduction,https://cdn.cloudflare.steamstatic.com/apps/dota2/images/heroes/dazzle_hphover.png,1.94,25,22,28,1.7,0.3,800,550,int,2,18,2.5,25,3.7,21,1.7,0.0,0.0,305,0.6
51,npc_dota_hero_rattletrap,Clockwerk,rattletrap,[],7.27d,rattletrap_battery_assault,rattletrap_power_cogs,rattletrap_rocket_flare,rattletrap_overclocking,generic_hidden,rattletrap_hookshot,+4 Armor,+15 Movement Speed,+2 Power Cogs Hit To Kill,+24 Battery Assault Damage,Rocket Flare True Sight,+100 Rocket Flare Damage,+40% Magic Resistance,-0.25s Battery Assault Interval,https://cdn.cloudflare.steamstatic.com/apps/dota2/images/heroes/rattletrap_hphover.png,1.82,25,24,26,1.7,0.33,600,150,str,0,26,3.5,18,1.5,13,2.3,0.0,0.0,310,0.6
52,npc_dota_hero_leshrac,Leshrac,leshrac,[],7.27d,leshrac_split_earth,leshrac_diabolic_edict,leshrac_lightning_storm,generic_hidden,generic_hidden,leshrac_pulse_nova,+4 Armor,+40 Split Earth Radius,+12 Strength,+25 Movement Speed,+1.0s Lightning Storm Slow Duration,+40 Pulse Nova Damage,+30 Diabolic Edict Explosions,+175 Lightning Storm Damage,https://cdn.cloudflare.steamstatic.com/apps/dota2/images/heroes/leshrac_hphover.png,3.22,25,22,26,1.7,0.4,800,575,int,2,20,2.5,22,3.5,23,2.8,0.0,0.0,325,0.5
53,npc_dota_hero_furion,Nature's Prophet,furion,['np'],7.27d,furion_sprout,furion_teleportation,furion_force_of_nature,generic_hidden,generic_hidden,furion_wrath_of_nature,+20 Damage,+25 Wrath of Nature Base Damage,+25 Attack Speed,+4 Treants Summoned,+8 Armor,20% Cooldown Reduction,Removed Teleportation Cooldown,1.8x Treant HP/Damage,https://cdn.cloudflare.steamstatic.com/apps/dota2/images/heroes/furion_hphover.png,3.08,25,27,37,1.7,0.4,800,600,int,2,21,2.6,23,3.7,22,3.6,0.0,0.0,290,0.6
54,npc_dota_hero_life_stealer,Lifestealer,life_stealer,[],7.27d,life_stealer_rage,life_stealer_feast,life_stealer_open_wounds,generic_hidden,generic_hidden,life_stealer_infest,+200 Health,+30 Attack Speed,+25 Damage,+20 Movement Speed,16% Evasion,-4s Open Wounds Cooldown,+1.2% Feast Lifesteal,+1.5s Rage Duration,https://cdn.cloudflare.steamstatic.com/apps/dota2/images/heroes/life_stealer_hphover.png,3.52,25,21,27,1.7,0.39,600,150,str,0,25,2.4,15,1.8,18,2.4,0.0,0.0,325,1.0
55,npc_dota_hero_dark_seer,Dark Seer,dark_seer,['ds'],7.27d,dark_seer_vacuum,dark_seer_ion_shell,dark_seer_surge,generic_hidden,generic_hidden,dark_seer_wall_of_replica,+75 Ion Shell Radius,+60 Vacuum AoE,Ion Shell Provides 350 Max Health,+25% Wall of Replica Illusion Damage,+8 Armor,+60 Ion Shell Damage,Parallel Wall,320 AoE Surge,https://cdn.cloudflare.steamstatic.com/apps/dota2/images/heroes/dark_seer_hphover.png,4.52,25,33,39,1.7,0.59,600,150,int,2,20,3.1,21,3.1,18,1.8,0.0,0.0,295,0.6
56,npc_dota_hero_clinkz,Clinkz,clinkz,[],7.27d,clinkz_strafe,clinkz_searing_arrows,clinkz_wind_walk,clinkz_burning_army,generic_hidden,clinkz_death_pact,Skeleton Walk Exit Summons A Burning Army Skeleton,+1.75 Mana Regen,-10s Skeleton Walk Cooldown,+25 Searing Arrows Damage,+125 Attack Range,Kills Reset Death Pact Cooldown,+50/5% Death Pact Health/Damage,Searing Arrows Multishot,https://cdn.cloudflare.steamstatic.com/apps/dota2/images/heroes/clinkz_hphover.png,3.08,25,15,21,1.7,0.4,800,625,agi,1,14,2.2,18,2.2,22,2.7,0.25,0.25,290,0.5
57,npc_dota_hero_omniknight,Omniknight,omniknight,[],7.27d,omniknight_purification,omniknight_repel,omniknight_degen_aura,generic_hidden,generic_hidden,omniknight_guardian_angel,+10 Heavenly Grace HP Regen,+20 Movement Speed,-2s Purification Cooldown,+70 Damage,-15% Degen Aura,-3s Heavenly Grace Cooldown,+160 Purification Damage/Heal,-60s Guardian Angel Cooldown,https://cdn.cloudflare.steamstatic.com/apps/dota2/images/heroes/omniknight_hphover.png,3.1,25,31,41,1.7,0.433,600,150,str,0,22,3.4,15,1.8,15,1.8,0.0,0.0,310,0.6
58,npc_dota_hero_enchantress,Enchantress,enchantress,[],7.27d,enchantress_impetus,enchantress_enchant,enchantress_natures_attendants,enchantress_bunny_hop,generic_hidden,enchantress_untouchable,+12% Magic Resistance,+20 Movement Speed,+40 Damage,+6 Nature's Attendants Wisps,-65 Untouchable Slow,Enchant Affects Ancients,+6.5% Impetus Damage,+20 Nature's Attendants Heal,https://cdn.cloudflare.steamstatic.com/apps/dota2/images/heroes/enchantress_hphover.png,3.66,25,23,33,1.7,0.3,800,575,int,2,17,1.7,22,3.8,19,1.8,0.0,0.0,320,0.6
59,npc_dota_hero_huskar,Huskar,huskar,[],7.27d,huskar_inner_fire,huskar_burning_spear,huskar_berserkers_blood,generic_hidden,generic_hidden,huskar_life_break,+175 Health,+12 Damage,+6 Burning Spears DPS,15% Lifesteal,+40% Berserker's Blood Regen,+325 Life Break Cast Range,+175 Attack Range,Burning Spears Pure Damage,https://cdn.cloudflare.steamstatic.com/apps/dota2/images/heroes/huskar_hphover.png,1.1,25,21,26,1.6,0.3,800,400,str,0,21,3.2,18,1.5,15,1.8,0.0,0.0,290,0.5
60,npc_dota_hero_night_stalker,Night Stalker,night_stalker,['ns'],7.27d,night_stalker_void,night_stalker_crippling_fear,night_stalker_hunter_in_the_night,generic_hidden,generic_hidden,night_stalker_darkness,+45 Void Damage,+7% Hunter In The Night Movement Speed,+12 Strength,20% Lifesteal,+30 Movement Speed,+35 Damage,+80 Hunter In The Night Attack Speed,-60s Dark Ascension Cooldown,https://cdn.cloudflare.steamstatic.com/apps/dota2/images/heroes/night_stalker_hphover.png,4.52,25,38,42,1.7,0.55,600,150,str,0,23,3.0,15,1.6,18,2.3,2.25,0.0,295,0.5
61,npc_dota_hero_broodmother,Broodmother,broodmother,['bm'],7.27d,broodmother_spawn_spiderlings,broodmother_spin_web,broodmother_incapacitating_bite,generic_hidden,generic_hidden,broodmother_insatiable_hunger,+80 Spawn Spiderlings Damage,+10 Agility,15% Cooldown Reduction,+30 Attack Speed,+18 Spiders Attack Damage,+400 Health,+50 Insatiable Hunger Damage/Lifesteal,+350 Spiders Health,https://cdn.cloudflare.steamstatic.com/apps/dota2/images/heroes/broodmother_hphover.png,2.1,25,29,35,1.7,0.4,600,150,agi,1,18,3.2,18,2.0,15,3.2,0.0,0.0,275,0.5
62,npc_dota_hero_bounty_hunter,Bounty Hunter,bounty_hunter,['bh'],7.27d,bounty_hunter_shuriken_toss,bounty_hunter_jinada,bounty_hunter_wind_walk,generic_hidden,generic_hidden,bounty_hunter_track,+20 Movement Speed,+40 Jinada Damage,+50 Shuriken Toss Damage,+275 Health,+50 Attack Speed,+50 Jinada Gold Steal,40% Evasion,+250 Track Gold,https://cdn.cloudflare.steamstatic.com/apps/dota2/images/heroes/bounty_hunter_hphover.png,6.94,25,30,38,1.7,0.59,600,150,agi,1,20,2.5,19,2.0,21,2.6,1.25,0.5,315,0.6
63,npc_dota_hero_weaver,Weaver,weaver,[],7.27d,weaver_the_swarm,weaver_shukuchi,weaver_geminate_attack,generic_hidden,generic_hidden,weaver_time_lapse,+60 Shukuchi Damage,+15 Damage,+20 Mana Break,+11 Strength,+0.4 Swarm Armor Reduction,+4 Swarm Attacks to Kill,+160 Shukuchi Movement Speed,+1 Geminate Attack,https://cdn.cloudflare.steamstatic.com/apps/dota2/images/heroes/weaver_hphover.png,1.96,25,36,46,1.8,0.64,800,425,agi,1,16,2.0,16,2.0,14,3.1,1.0,0.75,275,0.5
64,npc_dota_hero_jakiro,Jakiro,jakiro,[],7.27d,jakiro_dual_breath,jakiro_ice_path,jakiro_liquid_fire,generic_hidden,generic_hidden,jakiro_macropyre,+325 Attack Range,+6% Spell Amplification,-1s Ice Path Cooldown,+25 Dual Breath Burn Damage,-50 Liquid Fire Attack Speed,+325 Dual Breath Range,Macropyre Pure and Pierces Immunity,+1s Ice Path Duration,https://cdn.cloudflare.steamstatic.com/apps/dota2/images/heroes/jakiro_hphover.png,2.4,25,27,35,1.7,0.4,950,400,int,2,27,3.0,26,2.8,10,1.2,0.0,0.0,290,0.5
65,npc_dota_hero_batrider,Batrider,batrider,['br'],7.27d,batrider_sticky_napalm,batrider_flamebreak,batrider_firefly,generic_hidden,generic_hidden,batrider_flaming_lasso,+5% Spell Amplification,+4 Armor,+5 Sticky Napalm Damage,+250 Health,12% Cooldown Reduction,+25 Movement Speed,+6.5s Firefly Duration,-10s Flamebreak Cooldown,https://cdn.cloudflare.steamstatic.com/apps/dota2/images/heroes/batrider_hphover.png,2.1,25,16,20,1.7,0.3,800,375,int,2,28,2.9,22,2.9,15,1.8,1.75,0.0,290,1.0
66,npc_dota_hero_chen,Chen,chen,[],7.27d,chen_penitence,chen_holy_persuasion,chen_divine_favor,generic_hidden,generic_hidden,chen_hand_of_god,+150 Health,+150 Cast Range,-32s Divine Favor Cooldown,+16 Holy Persuasion Damage,-24s Hand of God Cooldown,+800 Holy Persuasion Minimum Health,+4 Holy Persuasion Max Units,+280 Hand of God Heal,https://cdn.cloudflare.steamstatic.com/apps/dota2/images/heroes/chen_hphover.png,1.1,25,25,35,1.7,0.5,800,650,int,2,25,2.0,19,3.2,15,2.1,0.0,0.0,300,0.6
67,npc_dota_hero_spectre,Spectre,spectre,[],7.27d,spectre_spectral_dagger,spectre_desolate,spectre_dispersion,spectre_reality,spectre_haunt_single,spectre_haunt,+5 Health Regen,+5 All Stats,+12 Desolate Damage,-8s Spectral Dagger Cooldown,+400 Health,+14% Spectral Dagger Slow/Bonus,+32% Haunt Illusion Damage,+5% Dispersion,https://cdn.cloudflare.steamstatic.com/apps/dota2/images/heroes/spectre_hphover.png,3.22,25,23,27,1.7,0.3,600,150,agi,1,23,2.5,16,1.9,23,2.1,1.5,0.0,290,0.5
68,npc_dota_hero_ancient_apparition,Ancient Apparition,ancient_apparition,['aa'],7.27d,ancient_apparition_cold_feet,ancient_apparition_ice_vortex,ancient_apparition_chilling_touch,generic_hidden,generic_hidden,ancient_apparition_ice_blast,+175 Chilling Touch Attack Range,+8% Spell Amplification,-2s Ice Vortex Cooldown,+12 Health Regen,-6% Ice Vortex Slow/Resistance,+70 Chilling Touch Damage,500 AoE Cold Feet,+4% Ice Blast Kill Threshold,https://cdn.cloudflare.steamstatic.com/apps/dota2/images/heroes/ancient_apparition_hphover.png,1.8,25,21,31,1.7,0.45,800,675,int,2,20,1.9,23,3.4,20,2.2,0.0,0.0,285,0.6
69,npc_dota_hero_doom_bringer,Doom,doom_bringer,['db'],7.27d,doom_bringer_devour,doom_bringer_scorched_earth,doom_bringer_infernal_blade,doom_bringer_empty1,doom_bringer_empty2,doom_bringer_doom,+2 Doom Duration,+10% Scorched Earth Movement Speed,+30 Scorched Earth Damage,+120 Devour Bonus Gold,+30 Doom DPS,Devour Can Target Ancients,+2.4% Infernal Blade Damage,+150% Cleave,https://cdn.cloudflare.steamstatic.com/apps/dota2/images/heroes/doom_bringer_hphover.png,1.54,25,30,46,2.0,0.5,600,200,str,0,24,3.7,15,2.1,11,0.9,0.0,0.0,285,0.5
70,npc_dota_hero_ursa,Ursa,ursa,[],7.27d,ursa_earthshock,ursa_overpower,ursa_fury_swipes,generic_hidden,generic_hidden,ursa_enrage,+20s Fury Swipes Reset Time,+1.5 Mana Regen,+12 Agility,+300 Health,-3s Earthshock Cooldown,+12 Fury Swipes Damage,+480 AoE Earthshock,+3 Overpower Attacks,https://cdn.cloudflare.steamstatic.com/apps/dota2/images/heroes/ursa_hphover.png,3.52,25,24,28,1.7,0.3,600,150,agi,1,24,2.6,16,1.5,18,2.4,0.5,0.0,310,0.5
71,npc_dota_hero_spirit_breaker,Spirit Breaker,spirit_breaker,['sb'],7.27d,spirit_breaker_charge_of_darkness,spirit_breaker_bulldoze,spirit_breaker_greater_bash,generic_hidden,generic_hidden,spirit_breaker_nether_strike,+500 Night Vision,+4 Armor,+10 Health Regen,+40 Damage,+12% Greater Bash Damage,-5.5s Bulldoze Cooldown,+20% Greater Bash Chance,+650 Health,https://cdn.cloudflare.steamstatic.com/apps/dota2/images/heroes/spirit_breaker_hphover.png,4.38,25,31,41,1.9,0.6,600,150,str,0,29,3.1,14,1.8,17,1.7,1.25,0.0,290,0.5
72,npc_dota_hero_gyrocopter,Gyrocopter,gyrocopter,[],7.27d,gyrocopter_rocket_barrage,gyrocopter_homing_missile,gyrocopter_flak_cannon,generic_hidden,generic_hidden,gyrocopter_call_down,+16 Damage,+200 Health,+0.4s Homing Missile Stun Duration,-40s Call Down Cooldown,+30 Movement Speed,+16 Rocket Barrage Damage,3 Homing Missile Charges,Global Call Down,https://cdn.cloudflare.steamstatic.com/apps/dota2/images/heroes/gyrocopter_hphover.png,4.66,25,21,31,1.7,0.2,800,365,agi,1,22,2.5,21,2.1,19,3.6,0.0,0.0,315,0.6
73,npc_dota_hero_alchemist,Alchemist,alchemist,[],7.27d,alchemist_acid_spray,alchemist_unstable_concoction,alchemist_goblins_greed,generic_hidden,generic_hidden,alchemist_chemical_rage,+15 Attack Speed,-6s Unstable Concoction Cooldown,+350 Health,+20 Damage,+30% Cleave,+400 Unstable Concoction Damage,+50 Chemical Rage Movement Speed,+50 Chemical Rage Regeneration,https://cdn.cloudflare.steamstatic.com/apps/dota2/images/heroes/alchemist_hphover.png,2.08,25,24,33,1.7,0.35,600,150,str,0,25,2.7,25,1.8,22,1.5,0.0,0.0,305,0.6
74,npc_dota_hero_invoker,Invoker,invoker,[],7.27d,invoker_quas,invoker_wex,invoker_exort,invoker_empty1,invoker_empty2,invoker_invoke,-24s Ghost Walk Cooldown,+30% Chaos Meteor Damage,2 Forged Spirits Summoned,-8s Cold Snap Cooldown,-8s Tornado Cooldown,+40 Alacrity Damage/Speed,Radial Deafening Blast,+2 Forged Spirit Armor Reduction,https://cdn.cloudflare.steamstatic.com/apps/dota2/images/heroes/invoker_hphover.png,1.96,25,29,35,1.7,0.4,800,600,int,2,18,2.4,15,4.6,14,1.9,0.0,0.0,280,0.5
75,npc_dota_hero_silencer,Silencer,silencer,[],7.27d,silencer_curse_of_the_silent,silencer_glaives_of_wisdom,silencer_last_word,generic_hidden,generic_hidden,silencer_global_silence,+5 Armor,+20 Attack Speed,+30 Arcane Curse Damage,+2 Permanent Intelligence Steal,+100 Attack Range,+20% Arcane Curse Slow,+15% Glaives of Wisdom Damage,30% Cooldown Reduction,https://cdn.cloudflare.steamstatic.com/apps/dota2/images/heroes/silencer_hphover.png,2.08,25,18,32,1.7,0.5,800,600,int,2,19,2.7,25,2.9,22,2.4,0.0,0.0,290,0.6
76,npc_dota_hero_obsidian_destroyer,Outworld Devourer,obsidian_destroyer,['od'],7.27d,obsidian_destroyer_arcane_orb,obsidian_destroyer_astral_imprisonment,obsidian_destroyer_equilibrium,generic_hidden,generic_hidden,obsidian_destroyer_sanity_eclipse,+200 Health,+15 Attack Speed,+250 Mana,+6 Armor,+20 Strength,+0.1 Sanity's Eclipse Mana Difference Multiplier,+1.6% Arcane Orb Damage,20% Spell Lifesteal,https://cdn.cloudflare.steamstatic.com/apps/dota2/images/heroes/obsidian_destroyer_hphover.png,4.86,25,16,31,1.9,0.46,800,450,int,2,21,2.9,30,4.2,24,2.0,0.0,0.0,310,0.5
77,npc_dota_hero_lycan,Lycan,lycan,[],7.27d,lycan_summon_wolves,lycan_howl,lycan_feral_impulse,lycan_wolf_bite,generic_hidden,lycan_shapeshift,+4 Armor,+15 Damage,+10 Feral HP Regen,10% Cooldown Reduction,+5s Shapeshift Duration,+15% Feral Impulse Damage,+32% Chance Shapeshift Critical Strike,+2 Wolves Summoned,https://cdn.cloudflare.steamstatic.com/apps/dota2/images/heroes/lycan_hphover.png,1.24,25,24,29,1.7,0.55,600,150,str,0,26,3.4,23,1.4,16,1.0,0.0,0.0,305,0.5
78,npc_dota_hero_brewmaster,Brewmaster,brewmaster,['bm'],7.27d,brewmaster_thunder_clap,brewmaster_cinder_brew,brewmaster_drunken_brawler,generic_hidden,generic_hidden,brewmaster_primal_split,+12 Damage,+175 Health,+2.5s Thunder Clap Slow,+15% Magic Resistance,+1400 Health to Primal Split Units,+80 Attack Speed,-65s Primal Split Cooldown,+120% Drunken Brawler Critical Strike Damage,https://cdn.cloudflare.steamstatic.com/apps/dota2/images/heroes/brewmaster_hphover.png,2.08,25,29,36,1.7,0.35,600,150,str,0,23,3.7,15,1.6,22,2.0,0.5,0.0,305,0.6
79,npc_dota_hero_shadow_demon,Shadow Demon,shadow_demon,['sd'],7.27d,shadow_demon_disruption,shadow_demon_soul_catcher,shadow_demon_shadow_poison,shadow_demon_shadow_poison_release,generic_hidden,shadow_demon_demonic_purge,+15 Intelligence,+75 Cast Range,+20 Movement Speed,+20% Shadow Poison Damage,-5s Soul Catcher Cooldown,-1.25s Shadow Poison Cooldown,+400 Demonic Purge Damage,2 Charges of Disruption,https://cdn.cloudflare.steamstatic.com/apps/dota2/images/heroes/shadow_demon_hphover.png,2.52,25,29,33,1.7,0.35,800,500,int,2,23,2.6,21,3.3,18,2.2,0.0,0.0,290,0.6
80,npc_dota_hero_lone_druid,Lone Druid,lone_druid,['ld'],7.27d,lone_druid_spirit_bear,lone_druid_spirit_link,lone_druid_savage_roar,generic_hidden,generic_hidden,lone_druid_true_form,+200 Health,+25 Spirit Bear Movement Speed,-10 Savage Roar Cooldown,+8 Spirit Bear Armor,-32s True Form Cooldown,0 Entangle Cooldown,-0.1 Spirit Bear Attack Time,+1000 True Form Health,https://cdn.cloudflare.steamstatic.com/apps/dota2/images/heroes/lone_druid_hphover.png,0.8,25,18,22,1.7,0.33,600,550,agi,1,18,2.5,13,1.4,20,2.8,0.25,0.0,325,0.5
81,npc_dota_hero_chaos_knight,Chaos Knight,chaos_knight,['ck'],7.27d,chaos_knight_chaos_bolt,chaos_knight_reality_rift,chaos_knight_chaos_strike,generic_hidden,generic_hidden,chaos_knight_phantasm,+5 All Stats,+20 Movement Speed,+12 Strength,14% Cooldown Reduction,+8s Phantasm Duration,Reality Rift Pierces Spell Immune,+10% Chaos Strike Chance,+1 Min/Max Chaos Bolt Duration,https://cdn.cloudflare.steamstatic.com/apps/dota2/images/heroes/chaos_knight_hphover.png,4.52,25,29,59,1.7,0.5,600,150,str,0,22,3.4,18,1.2,18,1.4,0.0,0.0,320,0.5
82,npc_dota_hero_meepo,Meepo,meepo,"['geomancer', 'meepwn']",7.27d,meepo_earthbind,meepo_poof,meepo_ransack,generic_hidden,generic_hidden,meepo_divided_we_stand,+6 Strength,+15 Damage,15% Evasion,+30 Poof Damage,-3s Earthbind Cooldown,8% Lifesteal,+325 Health,-4s Poof Cooldown,https://cdn.cloudflare.steamstatic.com/apps/dota2/images/heroes/meepo_hphover.png,6.38,25,29,35,1.7,0.38,600,150,agi,1,24,1.8,20,1.6,17,1.8,0.25,0.0,330,0.65
83,npc_dota_hero_treant,Treant Protector,treant,[],7.27d,treant_natures_grasp,treant_leech_seed,treant_living_armor,treant_eyes_in_the_forest,treant_natures_guise,treant_overgrowth,+60 Damage,Nature's Guise Invisibility,+48 Living Armor Heal,+24 Nature's Grasp Damage,12% Cooldown Reduction,+40 Leech Seed Damage/Heal,100 DPS Overgrowth,450 AoE Living Armor,https://cdn.cloudflare.steamstatic.com/apps/dota2/images/heroes/treant_hphover.png,1.1,25,62,70,1.9,0.6,600,150,str,0,25,3.4,20,1.8,15,2.0,0.0,0.5,280,0.5
84,npc_dota_hero_ogre_magi,Ogre Magi,ogre_magi,['om'],7.27d,ogre_magi_fireblast,ogre_magi_ignite,ogre_magi_bloodlust,ogre_magi_unrefined_fireblast,generic_hidden,ogre_magi_multicast,+16 Ignite DPS,+75 Cast Range,+80 Damage,+275 Health,+30 Strength,+40 Bloodlust AS,+60 Movement Speed,+240 Fireblast Damage,https://cdn.cloudflare.steamstatic.com/apps/dota2/images/heroes/ogre_magi_hphover.png,6.96,25,39,45,1.7,0.3,600,150,int,2,23,3.5,15,2.5,14,1.5,3.25,0.0,290,0.6
85,npc_dota_hero_undying,Undying,undying,['dirge'],7.27d,undying_decay,undying_soul_rip,undying_tombstone,generic_hidden,generic_hidden,undying_flesh_golem,+125 Cast Range,+5 Health Regen,+25 Tombstone Zombie Damage,+40 Decay Duration,Tombstone On Death,+4 Tombstone Attacks to Destroy,Gains Reincarnation 300 CD,-2.0s Decay Cooldown,https://cdn.cloudflare.steamstatic.com/apps/dota2/images/heroes/undying_hphover.png,2.4,25,35,43,1.7,0.3,600,150,str,0,22,2.8,27,2.8,10,0.8,0.0,0.0,300,0.6
86,npc_dota_hero_rubick,Rubick,rubick,['rubick'],7.27d,rubick_telekinesis,rubick_fade_bolt,rubick_arcane_supremacy,rubick_empty1,rubick_empty2,rubick_spell_steal,+150 Health,+50 Base Damage,+100 Cast Range,Fade Bolt Steals Hero Damage,-4s Fade Bolt Cooldown,+240 Telekinesis Land Distance,-12s Telekinesis Cooldown,+40% Spell Amp For Stolen Spells,https://cdn.cloudflare.steamstatic.com/apps/dota2/images/heroes/rubick_hphover.png,3.22,25,24,30,1.7,0.4,800,550,int,2,21,2.0,25,3.1,23,2.5,0.0,0.0,290,0.7
87,npc_dota_hero_disruptor,Disruptor,disruptor,['disruptor'],7.27d,disruptor_thunder_strike,disruptor_glimpse,disruptor_kinetic_field,generic_hidden,generic_hidden,disruptor_static_storm,-2s Kinetic Field Cooldown,+30 Thunder Strike Damage,+125 Cast Range,+1.5s Static Storm Duration,Kinetic Field Grants True Sight,+3 Thunder Strike Hits,-8s Glimpse Cooldown,+3s Kinetic Field Duration,https://cdn.cloudflare.steamstatic.com/apps/dota2/images/heroes/disruptor_hphover.png,2.1,25,29,33,1.7,0.4,800,625,int,2,21,2.4,20,2.9,15,1.4,0.0,0.0,295,0.5
88,npc_dota_hero_nyx_assassin,Nyx Assassin,nyx_assassin,['na'],7.27d,nyx_assassin_impale,nyx_assassin_mana_burn,nyx_assassin_spiked_carapace,nyx_assassin_burrow,generic_hidden,nyx_assassin_vendetta,+8% Spell Amplification,+0.25s Impale Stun Duration,+250 Health,+20 Movement Speed,+60% Spiked Carapace Damage,+140 Impale Damage,+80 Agility,Vendetta Unobstructed Pathing,https://cdn.cloudflare.steamstatic.com/apps/dota2/images/heroes/nyx_assassin_hphover.png,3.66,25,27,31,1.7,0.46,600,150,agi,1,18,2.5,18,2.1,19,2.5,2.5,0.0,315,0.5
89,npc_dota_hero_naga_siren,Naga Siren,naga_siren,['naga'],7.27d,naga_siren_mirror_image,naga_siren_ensnare,naga_siren_rip_tide,generic_hidden,generic_hidden,naga_siren_song_of_the_siren,+20 Movement Speed,+9% Mirror Image Damage,+10 Agility,+13 Strength,-9s Ensnare Cooldown,+1 Mirror Image Illusion,25% Evasion,-5 Rip Tide Armor,https://cdn.cloudflare.steamstatic.com/apps/dota2/images/heroes/naga_siren_hphover.png,5.94,25,23,25,1.7,0.5,600,150,agi,1,22,2.8,21,2.0,21,3.5,1.5,0.0,330,0.5
90,npc_dota_hero_keeper_of_the_light,Keeper of the Light,keeper_of_the_light,"['keeper', 'ezalor', 'kotl']",7.27d,keeper_of_the_light_illuminate,keeper_of_the_light_blinding_light,keeper_of_the_light_chakra_magic,generic_hidden,generic_hidden,keeper_of_the_light_will_o_wisp,-2.5s Blinding Light Cooldown,+20 Movement Speed,+2 Will-O-Wisp Flicker,+200 Cast Range,+150 Will-O-Wisp AOE,-4s Chakra Magic Cooldown,+3 Will-O-Wisp Health Count,+160 Illuminate Damage/Heal,https://cdn.cloudflare.steamstatic.com/apps/dota2/images/heroes/keeper_of_the_light_hphover.png,1.1,25,18,25,1.7,0.3,800,600,int,2,16,2.3,23,3.2,15,1.6,0.0,0.0,330,0.5
91,npc_dota_hero_wisp,Io,wisp,['wisp'],7.27d,wisp_tether,wisp_spirits,wisp_overcharge,generic_hidden,generic_hidden,wisp_relocate,+4 Health Regen,+35 Damage,+325 Spirits Max Range,10% Spell Lifesteal,+60 Spirits Hero Damage,-25s Relocate Cooldown,+700 Health,Attack Tethered Ally's Target,https://cdn.cloudflare.steamstatic.com/apps/dota2/images/heroes/wisp_hphover.png,2.96,25,22,31,1.7,0.15,800,500,str,0,17,3.0,23,1.7,14,1.6,0.0,0.0,320,0.7
92,npc_dota_hero_visage,Visage,visage,['visage'],7.27d,visage_grave_chill,visage_soul_assumption,visage_gravekeepers_cloak,visage_stone_form_self_cast,generic_hidden,visage_summon_familiars,+75 Cast Range,+25 Damage,-3 Armor Corruption,Soul Assumption Hits 2 Targets,+20 Soul Assumption Damage Per Charge,+40 Familiars Movement Speed,+5 Gravekeeper's Cloak Stacks,+1 Familiar,https://cdn.cloudflare.steamstatic.com/apps/dota2/images/heroes/visage_hphover.png,-0.46,25,23,33,1.7,0.46,800,600,int,2,22,2.8,22,2.9,11,1.3,0.0,0.0,285,0.5
93,npc_dota_hero_slark,Slark,slark,['slark'],7.27d,slark_dark_pact,slark_pounce,slark_essence_shift,generic_hidden,generic_hidden,slark_shadow_dance,+9 Strength,+6 Agility,+20 Attack Speed,15% Lifesteal,+120 Dark Pact Damage,+0.8s Pounce Leash,+1s Shadow Dance Duration,+65 Essence Shift Duration,https://cdn.cloudflare.steamstatic.com/apps/dota2/images/heroes/slark_hphover.png,2.94,25,32,40,1.7,0.5,600,150,agi,1,21,1.9,16,1.7,21,1.7,1.75,0.0,300,0.7
94,npc_dota_hero_medusa,Medusa,medusa,"['medusa,gorgon']",7.27d,medusa_split_shot,medusa_mystic_snake,medusa_mana_shield,generic_hidden,generic_hidden,medusa_stone_gaze,+15 Damage,15% Evasion,+30 Attack Speed,+32% Mystic Snake Mana Gain,-3s Mystic Snake Cooldown,+2s Stone Gaze Duration,+800 Mana,Split Shot Uses Modifiers,https://cdn.cloudflare.steamstatic.com/apps/dota2/images/heroes/medusa_hphover.png,2.08,25,26,32,1.7,0.5,800,600,agi,1,17,1.5,23,4.0,22,3.6,0.0,0.0,275,0.5
95,npc_dota_hero_troll_warlord,Troll Warlord,troll_warlord,"['troll,jahrakal']",7.27d,troll_warlord_berserkers_rage,troll_warlord_whirling_axes_ranged,troll_warlord_whirling_axes_melee,troll_warlord_fervor,generic_hidden,troll_warlord_battle_trance,+8 Agility,+200 Health,+5 Fervor Attack Speed,+90 Whirling Axes Damage,20% Evasion,+30 Damage,-5s Whirling Axes Cooldown,Battle Trance Strong Dispels,https://cdn.cloudflare.steamstatic.com/apps/dota2/images/heroes/troll_warlord_hphover.png,1.94,25,27,35,1.7,0.3,800,500,agi,1,21,2.5,13,1.0,21,3.3,0.25,0.0,290,0.5
96,npc_dota_hero_centaur,Centaur Warrunner,centaur,['centaur'],7.27d,centaur_hoof_stomp,centaur_double_edge,centaur_return,generic_hidden,generic_hidden,centaur_stampede,+5 Health Regen,+15 Movement Speed,+40 Damage,+40% Double Edge Strength Damage,+50 Retaliate Damage,-20s Stampede Cooldown,Gains Retaliate Aura,+1s Hoof Stomp Duration,https://cdn.cloudflare.steamstatic.com/apps/dota2/images/heroes/centaur_hphover.png,2.1,25,36,38,1.7,0.3,600,150,str,0,27,4.6,15,1.6,15,1.0,0.0,0.0,300,0.5
97,npc_dota_hero_magnataur,Magnus,magnataur,"['magnataur, magnus']",7.27d,magnataur_shockwave,magnataur_empower,magnataur_skewer,generic_hidden,generic_hidden,magnataur_reverse_polarity,+20 Damage,+0.3s Shockwave Slow Duration,+10 Strength,+140 Shockwave Damage,+350 Health,+425 Skewer Range,+12% Empower Damage/Cleave,+0.8s Reverse Polarity Stun Duration,https://cdn.cloudflare.steamstatic.com/apps/dota2/images/heroes/magnataur_hphover.png,3.1,25,32,40,1.8,0.5,600,150,str,0,25,3.5,19,1.7,15,2.5,0.5,0.0,305,0.8
98,npc_dota_hero_shredder,Timbersaw,shredder,"['Rizzrack', ' Shredder', ' Timbersaw']",7.27d,shredder_whirling_death,shredder_timber_chain,shredder_reactive_armor,shredder_chakram_2,generic_hidden,shredder_chakram,+175 Health,+1.75 Mana Regen,+8% Spell Amplification,+8 Reactive Armor Stacks,+16 Strength,12% Cooldown Reduction,+10% Whirling Death Attribute Reduction,+1125 Timber Chain Range,https://cdn.cloudflare.steamstatic.com/apps/dota2/images/heroes/shredder_hphover.png,1.24,25,26,30,1.7,0.36,600,150,str,0,24,3.2,23,2.7,16,1.6,0.0,0.5,290,0.6
99,npc_dota_hero_bristleback,Bristleback,bristleback,"['Rigwarl', 'bb']",7.27d,bristleback_viscous_nasal_goo,bristleback_quill_spray,bristleback_bristleback,generic_hidden,generic_hidden,bristleback_warpath,+15 Movement Speed,+2.5 Mana Regen,+200 Health,+5 Max Goo Stacks,+20 Health Regen,+20 Quill Stack Damage,13% Spell Lifesteal,+24 Warpath Damage Per Stack,https://cdn.cloudflare.steamstatic.com/apps/dota2/images/heroes/bristleback_hphover.png,3.38,25,30,36,1.8,0.3,600,150,str,0,22,2.9,14,2.8,17,1.8,0.0,0.0,290,1.0
100,npc_dota_hero_tusk,Tusk,tusk,['Tuskarr'],7.27d,tusk_ice_shards,tusk_snowball,tusk_tag_team,tusk_walrus_kick,generic_hidden,tusk_walrus_punch,+8 Health Regen,+0.4s Walrus Punch Stun Duration,+325 Health,+120 Snowball Damage,-6s Ice Shards Cooldown,+80% Walrus Punch Crit,12% Chance Walrus Punch,-8s Snowball Cooldown,https://cdn.cloudflare.steamstatic.com/apps/dota2/images/heroes/tusk_hphover.png,4.22,25,27,31,1.7,0.36,600,150,str,0,23,3.9,18,1.7,23,2.1,1.0,0.0,315,0.7
101,npc_dota_hero_skywrath_mage,Skywrath Mage,skywrath_mage,['dragonus'],7.27d,skywrath_mage_arcane_bolt,skywrath_mage_concussive_shot,skywrath_mage_ancient_seal,generic_hidden,generic_hidden,skywrath_mage_mystic_flare,+15 Movement Speed,+10 Intelligence,-8s Ancient Seal Cooldown,+1 Arcane Bolt Per Cast,Global Concussive Shot,-12% Ancient Seal Magic Resistance Reduction,Arcane Bolt Pierces Spell Immunity,+480 Mystic Flare Damage,https://cdn.cloudflare.steamstatic.com/apps/dota2/images/heroes/skywrath_mage_hphover.png,-0.18,25,14,24,1.7,0.4,800,625,int,2,21,2.0,25,4.1,13,0.8,0.0,0.0,325,0.5
102,npc_dota_hero_abaddon,Abaddon,abaddon,['Abaddon'],7.27d,abaddon_death_coil,abaddon_aphotic_shield,abaddon_frostmourne,generic_hidden,generic_hidden,abaddon_borrowed_time,+15 Movement Speed,+8 Strength,+6 Armor,+48 Mist Coil Heal/Damage,15% Cooldown Reduction,+80 Damage,+180 Aphotic Shield Health,375 AoE Mist Coil,https://cdn.cloudflare.steamstatic.com/apps/dota2/images/heroes/abaddon_hphover.png,2.22,25,28,38,1.7,0.56,600,150,str,0,23,3.0,18,2.0,23,1.5,0.5,0.0,325,0.5
103,npc_dota_hero_elder_titan,Elder Titan,elder_titan,"['TC,Cairne']",7.27d,elder_titan_echo_stomp,elder_titan_ancestral_spirit,elder_titan_natural_order,generic_hidden,generic_hidden,elder_titan_earth_splitter,+15 Movement Speed,+20 Attack Speed,+15% Magic Resistance,+25 Astral Spirit Hero Attack,+100% Cleave,+100 Echo Stomp Damage,-60 Earth Splitter Cooldown,+450 Echo Stomp Wake Damage,https://cdn.cloudflare.steamstatic.com/apps/dota2/images/heroes/elder_titan_hphover.png,1.96,25,23,33,1.7,0.35,600,150,str,0,26,3.0,23,1.6,14,1.8,0.0,0.0,310,0.5
104,npc_dota_hero_legion_commander,Legion Commander,legion_commander,"['Tresdin,Legion']",7.27d,legion_commander_overwhelming_odds,legion_commander_press_the_attack,legion_commander_moment_of_courage,generic_hidden,generic_hidden,legion_commander_duel,+7 Strength,+1.5 Mana Regen,+25 Attack Speed,-6s Overwhelming Odds Cooldown,+30 Movement Speed,+8% Moment Proc Chance,+30 Duel Damage Bonus,400 AoE Press The Attack,https://cdn.cloudflare.steamstatic.com/apps/dota2/images/heroes/legion_commander_hphover.png,2.52,25,35,39,1.7,0.46,600,150,str,0,25,3.3,20,2.2,18,1.7,0.0,0.0,330,0.5
105,npc_dota_hero_techies,Techies,techies,[],7.27d,techies_land_mines,techies_stasis_trap,techies_suicide,techies_focused_detonate,techies_minefield_sign,techies_remote_mines,+20% Magic Resistance,-3s Proximity Mines Cooldown,+240 Blast Off! Damage,+5 Mana Regen,+40 Movement Speed,-22s Blast Off! Cooldown,+251 Damage,+{s:value} Mines Movement Speed,https://cdn.cloudflare.steamstatic.com/apps/dota2/images/heroes/techies_hphover.png,6.96,25,9,11,1.7,0.5,800,700,int,2,19,2.5,25,3.3,14,1.3,0.0,1.0,310,0.5
106,npc_dota_hero_ember_spirit,Ember Spirit,ember_spirit,"['Xin,Ember']",7.27d,ember_spirit_searing_chains,ember_spirit_sleight_of_fist,ember_spirit_flame_guard,ember_spirit_activate_fire_remnant,generic_hidden,ember_spirit_fire_remnant,+15 Damage,+280 Flame Guard Absorption,+50 Flame Guard DPS,+0.8s Searing Chains,+8% Spell Amplification,+65 Sleight of Fist Hero Damage,2 Sleight of Fist Charges,-12 Remnant Charge Restore Time,https://cdn.cloudflare.steamstatic.com/apps/dota2/images/heroes/ember_spirit_hphover.png,2.08,25,33,37,1.7,0.4,600,150,agi,1,21,2.6,20,1.8,22,2.6,0.5,0.0,305,0.5
107,npc_dota_hero_earth_spirit,Earth Spirit,earth_spirit,"['Kaolin,Earth']",7.27d,earth_spirit_boulder_smash,earth_spirit_rolling_boulder,earth_spirit_geomagnetic_grip,earth_spirit_stone_caller,earth_spirit_petrify,earth_spirit_magnetize,+325 Rolling Boulder Distance,+50 Damage,+6 Armor,+120 Rolling Boulder Damage,+16% Spell Amplification,+3 Geomagnetic Grip Silence,Geomagnetic Grip Targets Allies,+0.6s Rolling Boulder Stun Duration,https://cdn.cloudflare.steamstatic.com/apps/dota2/images/heroes/earth_spirit_hphover.png,2.38,25,25,35,1.7,0.35,600,150,str,0,22,4.4,20,2.1,17,2.4,0.0,0.0,290,0.6
108,npc_dota_hero_abyssal_underlord,Underlord,abyssal_underlord,"['PitLord,Azgalor']",7.27d,abyssal_underlord_firestorm,abyssal_underlord_pit_of_malice,abyssal_underlord_atrophy_aura,generic_hidden,generic_hidden,abyssal_underlord_dark_rift,+5 Armor,+12% Magic Resistance,+75 Pit of Malice AoE,-4s Firestorm Cooldown,+50 Attack Speed,+20 Health Regen,+0.65s Pit of Malice Root,15% Firestorm Building Damage,https://cdn.cloudflare.steamstatic.com/apps/dota2/images/heroes/abyssal_underlord_hphover.png,4.68,25,37,43,1.7,0.45,600,175,str,0,25,3.0,17,2.3,12,1.6,0.0,0.0,295,0.6
109,npc_dota_hero_terrorblade,Terrorblade,terrorblade,['tb'],7.27d,terrorblade_reflection,terrorblade_conjure_image,terrorblade_metamorphosis,terrorblade_terror_wave,generic_hidden,terrorblade_sunder,+15 Movement Speed,16% Evasion,+250 Health,+25 Attack Speed,+8 All Stats,+8s Conjure Image Duration,-32s Sunder Cooldown,+240 Metamorphosis Attack Range,https://cdn.cloudflare.steamstatic.com/apps/dota2/images/heroes/terrorblade_hphover.png,10.08,25,26,32,1.5,0.3,600,150,agi,1,15,1.7,19,1.6,22,4.8,0.0,0.0,315,0.5
110,npc_dota_hero_phoenix,Phoenix,phoenix,['ph'],7.27d,phoenix_icarus_dive,phoenix_fire_spirits,phoenix_sun_ray,phoenix_sun_ray_toggle_move,generic_hidden,phoenix_supernova,+18% Icarus Dive Slow,+6% Spell Amplification,+25 Fire Spirits DPS,+500 Health,+1100 Icarus Dive Cast Range,Sun Ray During Supernova,+3 Supernova Hit Count,+1.5% Max Health Sun Ray Damage,https://cdn.cloudflare.steamstatic.com/apps/dota2/images/heroes/phoenix_hphover.png,0.68,25,26,36,1.7,0.35,800,525,str,0,23,3.5,16,1.8,12,1.3,1.0,0.0,280,1.0
111,npc_dota_hero_oracle,Oracle,oracle,['ora'],7.27d,oracle_fortunes_end,oracle_fates_edict,oracle_purifying_flames,generic_hidden,generic_hidden,oracle_false_promise,+0.4s Fortune's End Duration,+12 Intelligence,+125 Cast Range,-1.0s Purifying Flames Cooldown,-20s False Promise Cooldown,False Promise Invisibility,-1.5s Fortune's End Max Channel Time,+1.5 False Promise Duration,https://cdn.cloudflare.steamstatic.com/apps/dota2/images/heroes/oracle_hphover.png,2.1,25,13,19,1.7,0.3,800,620,int,2,20,2.4,26,4.0,15,1.7,0.0,0.5,295,0.7
112,npc_dota_hero_winter_wyvern,Winter Wyvern,winter_wyvern,[],7.27d,winter_wyvern_arctic_burn,winter_wyvern_splinter_blast,winter_wyvern_cold_embrace,generic_hidden,generic_hidden,winter_wyvern_winters_curse,+1% Cold Embrace Heal,+50 Damage,+275 Health,+400 Night Vision,+12% Arctic Burn Slow,-4s Cold Embrace Cooldown,+1.2s Winter's Curse Duration,Splinter Blast 1.5s Stun,https://cdn.cloudflare.steamstatic.com/apps/dota2/images/heroes/winter_wyvern_hphover.png,1.24,25,12,19,1.7,0.25,800,425,int,2,24,2.6,26,3.6,16,1.9,0.0,0.0,285,0.5
113,npc_dota_hero_arc_warden,Arc Warden,arc_warden,['zet'],7.27d,arc_warden_flux,arc_warden_magnetic_field,arc_warden_spark_wraith,arc_warden_scepter,generic_hidden,arc_warden_tempest_double,+300 Flux Cast Range,+200 Health,+50 Attack Speed,15% Cooldown Reduction,-1.5s Spark Wraith Cooldown,+100 Attack Range,25% Lifesteal,+250 Spark Wraith Damage,https://cdn.cloudflare.steamstatic.com/apps/dota2/images/heroes/arc_warden_hphover.png,1.24,25,31,41,1.7,0.3,800,625,agi,1,25,3.0,24,2.6,16,2.5,0.25,0.0,285,0.7
114,npc_dota_hero_monkey_king,Monkey King,monkey_king,['mk'],7.27d,monkey_king_boundless_strike,monkey_king_tree_dance,monkey_king_primal_spring,monkey_king_jingu_mastery,monkey_king_mischief,monkey_king_wukongs_command,+400 Tree Dance Vision AoE,+20 Attack Speed,+475 Tree Dance Cast Range,+100 Jingu Mastery Damage,+40% Boundless Strike Crit,+320 Primal Spring Damage,+100 Armor Wukong's Command,Additional Wukong's Command Ring,https://cdn.cloudflare.steamstatic.com/apps/dota2/images/heroes/monkey_king_hphover.png,4.08,25,29,35,1.7,0.45,600,300,agi,1,19,2.8,20,1.8,22,3.7,1.5,0.0,305,0.6
119,npc_dota_hero_dark_willow,Dark Willow,dark_willow,[],7.27d,dark_willow_bramble_maze,dark_willow_shadow_realm,dark_willow_cursed_crown,dark_willow_bedlam,generic_hidden,dark_willow_terrorize,+0.4s Cursed Crown Stun Duration,+100 Cast Range,+32 Bedlam Damage,-2s Shadow Realm Cooldown,+50 Damage,-10s Bramble Maze CD,+110 Attack Speed,+1.3 Terrorize Duration,https://cdn.cloudflare.steamstatic.com/apps/dota2/images/heroes/dark_willow_hphover.png,1.52,25,27,35,1.5,0.3,800,475,int,2,20,2.0,18,3.5,18,1.6,0.0,0.0,290,0.7
120,npc_dota_hero_pangolier,Pangolier,pangolier,['ar'],7.27d,pangolier_swashbuckle,pangolier_shield_crash,pangolier_lucky_shot,generic_hidden,generic_hidden,pangolier_gyroshell,+2 Mana Regen,+350 Swashbuckle Slash Range,2.5s Shield Crash CD in Ball,+3s Rolling Thunder Duration,+30 Swashbuckle Damage,+16 Strength,-2.5s Swashbuckle Cooldown,-28.0s Rolling Thunder Cooldown,https://cdn.cloudflare.steamstatic.com/apps/dota2/images/heroes/pangolier_hphover.png,3.52,25,33,39,1.7,0.33,600,150,agi,1,17,2.5,16,1.9,18,3.2,0.25,0.0,305,1.0
121,npc_dota_hero_grimstroke,Grimstroke,grimstroke,['gs'],7.27d,grimstroke_dark_artistry,grimstroke_ink_creature,grimstroke_spirit_walk,grimstroke_scepter,generic_hidden,grimstroke_soul_chain,+100 Cast Range,+80 Ink Swell Max Damage,+15% Spell Amplification,+20% Ink Swell Movement Speed,+800 Stroke of Fate Cast Range,+3 Hits to Kill Phantom,+150 Ink Swell Radius,+40% Stroke of Fate Damage,https://cdn.cloudflare.steamstatic.com/apps/dota2/images/heroes/grimstroke_hphover.png,2.52,25,21,25,1.7,0.35,800,575,int,2,21,2.4,25,3.8,18,1.9,0.0,0.0,290,0.6
126,npc_dota_hero_void_spirit,Void Spirit,void_spirit,"['Void,VS,Inai']",7.27d,void_spirit_aether_remnant,void_spirit_dissimilate,void_spirit_resonant_pulse,generic_hidden,generic_hidden,void_spirit_astral_step,+2.5 Mana Regen,+15 Damage,Remnant Provides 475 Truesight,+80 Resonant Pulse Damage,+14% Spell Amplification,-5.5 Astral Step Charge Restore Time,Astral Step 160% Crit,Dissimilate Stuns for 2.5s,https://cdn.cloudflare.steamstatic.com/apps/dota2/images/heroes/void_spirit_hphover.png,1.66,25,32,36,1.7,0.35,600,200,int,2,22,2.6,24,3.1,19,2.2,0.0,0.6,295,0.7
128,npc_dota_hero_snapfire,Snapfire,snapfire,"['snap,mortimer']",7.27d,snapfire_scatterblast,snapfire_firesnap_cookie,snapfire_lil_shredder,snapfire_gobble_up,snapfire_spit_creep,snapfire_mortimer_kisses,+200 Health,+15 Movement Speed,Firesnap Cookie Restores 200 Health,+60 Scatterblast Damage,Lil' Shredder Uses Your Attack Damage,+20% Mortimer Kisses Movement Slow,3x Lil' Shredder Multishot,+6 Mortimer Kisses Launched,https://cdn.cloudflare.steamstatic.com/apps/dota2/images/heroes/snapfire_hphover.png,2.24,25,26,32,1.6,0.35,800,500,str,0,20,3.3,18,2.2,16,1.9,0.0,0.0,300,0.5
129,npc_dota_hero_mars,Mars,mars,['mars'],7.27d,mars_spear,mars_gods_rebuke,mars_bulwark,generic_hidden,generic_hidden,mars_arena_of_blood,+15 Damage,-3s Spear Cooldown,+20 Movement Speed,+6 Armor,+160 Spear Of Mars Damage,+0.8s Spear of Mars Stun,God's Rebuke +65% Crit,Arena Of Blood Grants Team +80 HP Regen,https://cdn.cloudflare.steamstatic.com/apps/dota2/images/heroes/mars_hphover.png,1.8,25,29,37,1.8,0.4,600,250,str,0,23,3.4,21,1.6,20,1.9,0.0,0.5,310,0.8
